clave,fecha,tipo_acuerdo,tema,descripcion_cmf,url
2025_0545,2025-08-19,Modificación NCG,,"EJECUTA ACUERDO DEL CONSEJO DE LA COMISIÓN PARA EL MERCADO FINANCIERO QUE MODIFICA LA NORMA DE CARÁCTER GENERAL N°526 QUE DICTA INSTRUCCIONES RESPECTO A LA FORMA DE DETERMINAR EL PATRIMONIO MÍNIMO Y GARANTÍAS QUE DEBEN MANTENER LAS ADMINISTRADORAS GENERALES DE FONDOS Y ADMINISTRADORAS DE CARTERA, DEROGA NCG N°157, Y LA EXCLUYE DE LOS TRÁMITES PREVISTOS EN EL INCISO PRIMERO DEL NUMERAL 3 DEL ARTÍCULO 20 DEL DECRETO LEY N°3.538 DE 1980.",https://www.cmfchile.cl/normativa/ncg_545_2025.pdf
2024_0527,2024-12-23,Otro,,MODIFICA NORMA DE CARÁCTER GENERAL N°507 QUE IMPARTE INSTRUCCIONES SOBRE GOBIERNO CORPORATIVO Y GESTIÓN INTEGRAL DE RIESGOS EN ADMINISTRADORAS GENERALES DE FONDOS Y NORMA DE CARÁCTER GENERAL N°468 QUE REGULA EL PROCESO DE AUTORIZACIÓN DE INICIO DE FUNCIONES DE ADMINISTRADORAS GENERALES DE FONDOS.,https://www.cmfchile.cl/normativa/ncg_527_2024.pdf
2024_0526,2024-12-23,Otro,,EJECUTA ACUERDO DEL CONSEJO DE LA COMISIÓN PARA EL MERCADO FINANCIERO QUE APRUEBA NORMA DE CARÁCTER GENERAL QUE IMPARTE INSTRUCCIONES SOBRE CÁLCULO DE PATRIMONIO MÍNIMO Y GARANTÍAS PARA ADMINISTRADORAS GENERALES DE FONDOS Y ADMINISTRADORAS DE CARTERA. DEROGA NCG N°157.,https://www.cmfchile.cl/normativa/ncg_526_2024.pdf
2024_0510,2024-05-08,Modificación NCG,"IMPARTE INSTRUCCIONES SOBRE GESTIÓN DE RIESGO OPERACIONAL. DEROGA CIRCULARES N° 1.939 y 2.020, Y LA NORMA DE CARÁCTER GENERAL N° 256. MODIFICA LA NORMA DE CARÁCTER GENERAL N° 480","EJECUTA ACUERDO DEL CONSEJO DE LA COMISIÓN PARA EL MERCADO FINANCIERO QUE APRUEBA NORMATIVA QUE IMPARTE INSTRUCCIONES SOBRE GESTIÓN DE RIESGO OPERACIONAL PARA ADMINISTRADORAS GENERALES DE FONDOS, BOLSAS DE VALORES, BOLSAS DE PRODUCTOS, SOCIEDADES ADMINISTRADORAS DE SISTEMAS DE COMPENSACIÓN Y LIQUIDACIÓN DE INSTRUMENTOS FINANCIEROS Y EMPRESAS DE DEPÓSITO Y CUSTODIA DE VALORES. DEROGA CIRCULARES N°1.939 y 2.020 Y LA NORMA DE CARÁCTER GENERAL N°256. MODIFICA LA NORMA DE CARÁCTER GENERAL N°480.",https://www.cmfchile.cl/normativa/ncg_510_2024.pdf
2024_0507,2024-05-08,Otro,,"EJECUTA ACUERDO DEL CONSEJO DE LA COMISIÓN PARA EL MERCADO FINANCIERO QUE APRUEBA NORMATIVA QUE IMPARTE INSTRUCCIONES SOBRE GOBIERNO CORPORATIVO Y GESTIÓN DE RIESGOS PARA ADMINISTRADORAS GENERALES DE FONDOS, Y DEROGA LA CIRCULAR N°1.869 DE 2008.",https://www.cmfchile.cl/normativa/ncg_507_2024.pdf
2011_2047,2011-01-01,Otro,,"ESTABLECE REQUISITOS PARA LA INVERSION DE FONDOS MUTUOS EN LOS INSTRUMENTOS QUE INDICA.
DEROGA CIRCULAR N° 1.516 DE 2001",https://www.cmfchile.cl/normativa/cir_2047_2011.pdf
2011_2032,2011-01-01,Otro,,IMPARTE INSTRUCCIONES RELATIVAS A INFORMACION A LOS PARTICIPES SOBRE MODIFICACIONES QUE SE INCORPOREN EN LOS REGLAMENTOS INTERNOS Y CONTRATOS DE SUSCRIPCION DE CUOTAS DE FONDO MUTUOS.  DEROGA CIRCULAR N° 1.740 DE 2005,https://www.cmfchile.cl/normativa/cir_2032_2011.pdf
2011_0661,2011-01-01,Otro,,"IMPARTE INSTRUCCIONES RELATIVAS A LA INCORPORACION DE NOTAS ESTRUCTURADAS, FONDOS DE INVERSION PUBLICOS O PRIVADOS QUE TENGAN COMO UNICO ACTIVO SUBYACENTE LAS MENCIONADAS ESTRUCTURAS Y CUALQUIER OTRO ACTIVO QUE TENGA COMO SUBYACENTE INSTRUMENTOS ESTRUCTURADOS  DE LOS ANTES MENCIONADOS EN LA MEDICION DE CALCE Y TSA SEGUN CIRCULAR N° 1512 DE 02/01/2011 Y NORMA DE CARACTER GENERAL N° 209 DE 24/12/2007. DEROGA OFICIO CIRCULAR N° 570 DE 17/02/2010.",https://www.cmfchile.cl/normativa/ofc_661_2011.pdf
2011_0308,2011-01-01,Otro,,"IMPARTE INSTRUCCIONES SOBRE LAS CONDICIONES E INFORMACION MINIMA QUE DEBEN CUMPLIR LAS INVERSIONES DE LOS FONDOS MUTUOS.
DEROGA CIRCULAR N° 1.217 DE 29.05.1995 Y SUS MODIFICACIONES",https://www.cmfchile.cl/normativa/ncg_308_2011.pdf
2010_1999,2010-01-01,Otro,,IMPARTE INSTRUCCIONES SOBRE PRESENTACION DE INFORMACION FINANCIERA BAJO IFRS PARA FONDOS DE INVERSION DE CAPITAL EXTRANJERO. DEROGA CIRCULAR N° 923 DEL 23 DE ENERO DE 1990.,https://www.cmfchile.cl/normativa/cir_1999_2010.pdf
2010_1998,2010-01-01,Otro,,IMPARTE INSTRUCCIONES SOBRE PRESENTACION DE INFORMACION FINANCIERA BAJO IFRS PARA FONDOS DE INVERSION. DEROGA CIRCULAR N° 1756 DEL 4 DE JULIO DE 2005.,https://www.cmfchile.cl/normativa/cir_1998_2010.pdf
2010_0605,2010-01-01,Otro,,IMPARTE INSTRUCCIONES RELATIVAS A LA INVERSION EN CUOTAS DE FONDOS MUTUOS O DE INVERSION CONSTITUIDOS FUERA DEL PAIS,https://www.cmfchile.cl/normativa/ofc_605_2010.pdf
2009_1951,2009-01-01,Otro,,"1. SOLICITA INFORMACION QUE INDICA RELATIVA A COMISIONES EFECTIVAS DE FONDOS MUTUOS Y FONDOS DE INVERSION.
2. DEROGA CIRCULAR N° 1.883 DE 10 DE JULIO DE 2008 Y OFICIO CIRCULAR N° 538 DE 4 DE SEPTIEMBRE DE 2009",https://www.cmfchile.cl/normativa/cir_1951_2009.pdf
2009_1947,2009-01-01,Otro,,"1.-ESTABLECE NORMAS DE INSCRIPCION DE CUOTAS DE FONDOS DE INVERSION EN EL REGISTRO DE VALORES, SU DIFUSION, COLOCACION Y OBLIGACIONES DE INFORMACION.
2.- DEROGA CIRCULAR N° 935 DE 1990",https://www.cmfchile.cl/normativa/cir_1947_2009.pdf
2009_0241,2009-01-01,Otro,,"ESTABLECE NORMAS PARA LA INSCRIPCION DE TITULOS EMITIDOS POR VEHICULOS DE INVERSION COLECTIVA Y CUOTAS DE FONDOS DE INVERSION REGIDOS POR LA LEY 18.815, EN EL REGISTRO DE VALORES EXTRANJEROS.  SU OFERTA PUBLICA, DIFUSION Y COLOCACION EN CHILE Y OBLIGACIONES DE INFORMACION.  DEROGA NCG N° 87 Y SUS MODIFICACIONES",https://www.cmfchile.cl/normativa/ncg_241_2009.pdf
2008_1883,2008-01-01,Otro,,"1) SOLICITA INFORMACION DE FONDOS MUTUOS Y FONDOS DE INVERSION
2) DEROGA CIRCULAR N° 1.755 DE 04 DE JULIO DE 2005",https://www.cmfchile.cl/normativa/cir_1883_2008.pdf
2007_1850,2007-01-01,Otro,,IMPARTE INSTRUCCIONES SOBRE PRESENTACION DE INFORMACION DIARIA DE LOS FONDOS MUTUOS.   DEROGA CIRCULAR N° 1.548 DEL 03 DE JULIO DE 2001,https://www.cmfchile.cl/normativa/cir_1850_2007.pdf
2007_0417,2007-01-01,Otro,,IMPARTE INSTRUCCIONES SOBRE LA FORMA DE PRESENTAR MODIFICACIONES A LOS REGLAMENTOS INTERNOS Y CONTRATOS DE SUSCRIPCION DE CUOTAS DE FONDOS MUTUOS,https://www.cmfchile.cl/normativa/ofc_417_2007.pdf
2006_1804,2006-01-01,Otro,,IMPARTE INSTRUCCIONES SOBRE PARTICIPACION EN FONDOS MUTUOS DE LAS PERSONAS QUE SE INDICA Y DEROGA CIRCULAR N° 1.172 DE 1994,https://www.cmfchile.cl/normativa/cir_1804_2006.pdf
2006_1797,2006-01-01,Otro,,NORMA LA ADQUISICION DE INSTRUMENTOS CON PROMESA DE VENTA PARA LOS FONDOS MUTUOS Y DEROGA CIRCULAR N° 1.347 DE 1997,https://www.cmfchile.cl/normativa/cir_1797_2006.pdf
2006_0204,2006-01-01,Otro,,NORMA LA INVERSION DE LOS FONDOS MUTUOS EN INSTRUMENTOS DERIVADOS.  DEROGA NORMA DE CARACTER GENERAL N° 71 Y SUS MODIFICACIONES,https://www.cmfchile.cl/normativa/ncg_204_2006.pdf
2005_1782,2005-01-01,Otro,,IMPARTE INSTRUCCIONES SOBRE PRESENTACION Y DIFUSION DE INFORMACION ESTADISTICA DE LOS COSTOS ASOCIADOS A LA INVERSION EN FONDOS MUTUOS,https://www.cmfchile.cl/normativa/cir_1782_2005.pdf
2005_1765,2005-01-01,Otro,,"1.- ESTABLECE PROCEDIMIENTO PARA REGULARIZAR EXCESO DE INVERSION EN CUOTAS DE FONDOS MUTUOS DE PERSONAS SEÑALADAS EN EL ARTICULO 12 A DEL D.L. N° 1.328.
2.- DEROGA CIRCULAR N° 1.173 DE 1994",https://www.cmfchile.cl/normativa/cir_1765_2005.pdf
2005_1741,2005-01-01,Otro,,IMPARTE INSTRUCCIONES SOBRE CONTABILIDAD EN MONEDA EXTRANJERA PARA FONDOS DE INVERSION,https://www.cmfchile.cl/normativa/cir_1741_2005.pdf
2005_1740,2005-01-01,Otro,,IMPARTE INSTRUCCIONES RELATIVAS A MODIFICACION DE ASPECTOS RELEVANTES QUE SE INCORPOREN EN LOS REGLAMENTOS INTERNOS Y CONTRATOS DE SUSCRIPCION DE CUOTAS DE FONDOS MUTUOS,https://www.cmfchile.cl/normativa/cir_1740_2005.pdf
2005_0187,2005-01-01,Otro,,ESTABLECE REQUISITOS PARA LA REALIZACION DE OPERACIONES DE VENTA CORTA Y PRESTAMO DE VALORES POR CUENTA DE FONDOS DE INVERSION.   DEROGA NORMA DE CARACTER GENERAL N° 109 DE 22.01.01,https://www.cmfchile.cl/normativa/ncg_187_2005.pdf
2003_1693,2003-01-01,Otro,,IMPARTE INSTRUCCIONES SOBRE PRESENTACION DE INFORMACION DE INVERSIONES DE FONDOS MUTUOS,https://www.cmfchile.cl/normativa/cir_1693_2003.pdf
2003_1692,2003-01-01,Otro,,IMPARTE INSTRUCCIONES SOBRE PRESENTACION DE INFORMACION DE COMPRAS Y VENTAS EFECTUADAS POR LOS FONDOS MUTUOS,https://www.cmfchile.cl/normativa/cir_1692_2003.pdf
2003_1647,2003-01-01,Otro,,IMPARTE INSTRUCCIONES PARA LA PUBLICACION DE LOS ESTADOS FINANCIEROS ANUALES DE FONDOS MUTUOS.  DEROGA CIRCULAR N° 1.334 DE 1997,https://www.cmfchile.cl/normativa/cir_1647_2003.pdf
2002_1633,2002-01-01,Otro,,"1.-  ESTABLECE MODELO ESTANDARIZADO DE REGLAMENTO INTERNO Y CONTRATO DE SUSCRIPCION DE CUOTAS DE FONDOS MUTUOS.  DEROGA CIRCULAR N° 1.219 DEL 29.05.95 Y LETRA F. DE LA CIRCULAR N° 1.608 DEL 05.07.2002       
2.- DEFINE PROCEDIMIENTO DE APROBACION  DE LOS REFERIDOS ANTECEDENTES",https://www.cmfchile.cl/normativa/cir_1633_2002.pdf
2002_1608,2002-01-01,Otro,,"1.- ESTABLECE INSTRUCCIONES SOBRE PUBLICIDAD A SOCIEDADES QUE ADMINISTREN A  FONDOS MUTUOS Y SOBRE INFORMACION A PARTICIPES.
2.- INSTRUYE SOBRE PLANES DE INVERSION CON SISTEMAS DE APORTES REGULADOS POR CONTRATO DE SUSCRIPCION DE CUOTAS.
3.- DEROGA CIRCULAR Nº 1307, DE 1996",https://www.cmfchile.cl/normativa/cir_1608_2002.pdf
2002_1581,2002-01-01,Otro,,INSTRUYE SOBRE PUBLICACION TRIMESTRAL DE LA CARTERA DE INVERSIONES DE LOS FONDOS MUTUOS.  DEROGA CIRCULAR Nº 716 DE 1987 Y CIRCULAR Nº 888 DE 1989,https://www.cmfchile.cl/normativa/cir_1581_2002.pdf
2001_1548,2001-01-01,Otro,,"SOLICITA INFORMACION DIARIA DE FONDOS MUTUOS.
DEROGA CIRCULAR Nº 1.193 DEL 16 DE ENERO DE 1995",https://www.cmfchile.cl/normativa/cir_1548_2001.pdf
2001_0123,2001-01-01,Otro,,IMPARTE INSTRUCCIONES RELATIVAS A LA CONSTITUCION DE FILIALES ADMINISTRADORAS GENERALES DE FONDOS POR PARTE DE LAS ENTIDADES ASEGURADORAS DEL SEGUNDO GRUPO,https://www.cmfchile.cl/normativa/ncg_123_2001.pdf
2000_7197,2000-01-01,Otro,,IMPARTE INSTRUCCIONES RELATIVAS A INCLUSION EN REGLAMENTOS INTERNOS Y SOLICITUDES DE INVERSION DE FONDOS MUTUOS DE MODALIDADES DE EXENCION AL COBRO DE COMISION DE COLOCACION DIFERIDA AL RESCATE.,https://www.cmfchile.cl/normativa/ofc_7197_2000.pdf
1994_1174,1994-01-01,Otro,,"IMPARTE INSTRUCCIONES SOBRE FORMA Y CONTENIDO DE INFORMACION DE COLOCACION, RESCATE Y TRANSFERENCIA DE CUOTAS DE FONDOS DE INVERSION (AFI)",https://www.cmfchile.cl/normativa/cir_1174_1994.pdf
1994_1172,1994-01-01,Otro,,"IMPARTE INSTRUCCIONES SOBRE FORMA Y CONTENIDO DE INFORMACION DE COLOCACION, RESCATE Y TRANSFERENCIA DE CUOTAS DE FONDOS MUTUOS (AFM)",https://www.cmfchile.cl/normativa/cir_1172_1994.pdf
1982_0183,1982-01-01,Otro,,COMPLEMENTA O.C. 3251 QUE IMPARTE INSTRUCCIONES SOBRE AGENTES COLOCADORES DE CUOTAS DE FONDOS MUTUOS (AFM),https://www.cmfchile.cl/normativa/cir_183_1982.pdf
1979_3251,1979-07-06,Otro,,IMPARTE INSTRUCCIONES SOBRE AGENTES COLOCADORES DE CUOTAS DE FONDOS MUTUOS,https://www.cmfchile.cl/normativa/ofc_3251_1979.pdf
