accion_inicial;n;categoria;ejemplo;claves
IMPARTE INSTRUCCIONES SOBRE;98;;EJECUTA ACUERDO DEL CONSEJO DE LA COMISIÓN PARA EL MERCADO FINANCIERO QUE APRUEBA NORMATIVA QUE IMPARTE INSTRUCCIONES SOBRE GOBIERNO CORPORATIVO Y GESTIÓN DE RIESGOS PARA EMPRESAS ;2024_0509 2022_0485 2018_1040 2016_2216 2016_2197 2015_2180 2014_0826 2014_2138 …
IMPARTE INSTRUCCIONES RELATIVAS;50;;IMPARTE INSTRUCCIONES RELATIVAS A LA MANTENCION DE LA SUSPENSION DE LA INCORPORACION DE NOTAS ESTRUCTURADAS Y CUALQUIER OTRO ACTIVO QUE TENGA COMO SUBYACENTE INSTRUMENTOS ESTRUCTUR;2017_0982 2010_0652 2010_0628 2010_0605 2010_0591 2010_0570 2009_0560 2009_0251 …
MODIFICA CIRCULAR N;36;;EJECUTA ACUERDO DEL CONSEJO DE LA COMISIÓN PARA EL MERCADO FINANCIERO QUE APRUEBA EMISIÓN DE CIRCULAR QUE MODIFICA CIRCULAR N°1459, QUE IMPARTE NORMAS SOBRE CERTIFICADO SEGURO OBLI;2026_2369 2024_2352 2021_2299 2021_2298 2018_2234 2017_2226 2017_2219 2016_2208 …
MODIFICA OFICIO CIRCULAR;25;;MODIFICA OFICIO CIRCULAR Nº 69 DE 05 DE ENERO DE 2001;0000_0000 2016_0916 2012_0720 2011_0692 2008_0468 2008_0440 2005_0324 2005_0312 …
IMPARTE NORMAS SOBRE;25;;IMPARTE NORMAS SOBRE CONTRATACION DE SEGUROS DE RENTAS VITALICIAS DEL D.L. N° 3.500 DE 1980. REMPLAZA NORMA DE CARACTAR GENERAL N° 163 DE 21 DE JUNIO DE 2004;2015_0377 2013_2121 2011_0322 2009_1945 2009_1924 2009_0498 2009_0235 2008_1901 …
APRUEBA NORMA DE;21;;EJECUTA ACUERDO DEL CONSEJO DE LA COMISIÓN PARA EL MERCADO FINANCIERO QUE APRUEBA NORMA DE CARÁCTER GENERAL QUE INCORPORA AL MANUAL DE SISTEMAS DE INFORMACIÓN DE FONDOS NUEVOS ARCH;2025_0551 2024_0523 2024_0522 2024_0516 2024_0505 2024_0501 0000_0014 2022_0489 …
ESTABLECE NORMAS PARA;16;;ESTABLECE NORMAS PARA EL ENVIO DE INFORMACION DE SEGUROS DE INVALIDEZ Y SOBREVIVENCIA.;2013_2095 2012_0341 2010_0301 2008_0211 2007_1826 2006_0197 2005_0189 2005_0186 …
INTRODUCE A;9;;INTRODUCE AJUSTES AL CAPÍTULO C-3 DEL COMPENDIO DE NORMAS CONTABLES PARA BANCOS.;2026_1407 2026_1402 2025_1377 2025_1376 2025_1375 2025_1368 2024_1351 2024_1341 …
MODIFICA LA CIRCULAR N;6;;EJECUTA ACUERDO DEL CONSEJO DE LA COMISIÓN PARA EL MERCADO FINANCIERO QUE APRUEBA LA EMISIÓN DE LA NORMA QUE MODIFICA LA CIRCULAR N°1835 QUE IMPARTE INSTRUCCIONES RELATIVAS A LA FO;2024_2354 2021_2287 2019_2242 2019_2240 2018_2239 2018_2238
APRUEBA EMISION DE;5;;EJECUTA ACUERDO DEL CONSEJO DE LA COMISIÓN PARA EL MERCADO FINANCIERO QUE APRUEBA EMISIÓN DE NORMA DE CARÁCTER GENERAL SOBRE DIRECTOR INDEPENDIENTE Y POLÍTICA DE ELECCIÓN DE DIRECT;2025_0533 2025_0530 2024_2356 2020_0438 2019_0430
REGULA EL REGISTRO;3;;EJECUTA ACUERDO DEL CONSEJO DE LA COMISIÓN PARA EL MERCADO FINANCIERO QUE APRUEBA NORMA QUE REGULA EL REGISTRO, AUTORIZACIÓN Y OBLIGACIONES DE LOS PRESTADORES DE SERVICIOS FINANCIE;2024_0504 2024_0503 2024_0502
MODIFICA EL CAPITULO 18-5;3;;EJECUTA ACUERDO DEL CONSEJO DE LA COMISIÓN PARA EL MERCADO FINANCIERO APRUEBA CIRCULAR QUE MODIFICA EL CAPÍTULO 18-5 DE LA RECOPILACIÓN ACTUALIZADA DE NORMAS DE BANCOS Y LOS ARCHIV;2023_2333 2022_2326 2022_2317
EXIME DE TRAMITES DEL;2;;EJECUTA ACUERDO DEL CONSEJO DE LA COMISIÓN PARA EL MERCADO FINANCIERO QUE EXIME DE TRÁMITES DEL N°3 DEL ARTÍCULO 20 DEL DECRETO LEY N°3.538 Y APRUEBA EMISIÓN DE NORMATIVA QUE MODIF;2025_0534 2025_2362
AJUSTA LA TABLA 106;2;;EJECUTA ACUERDO DEL CONSEJO DE LA COMISIÓN PARA EL MERCADO FINANCIERO QUE APRUEBA LA CIRCULAR QUE AJUSTA LA TABLA 106, TABLA 11, ARCHIVO R11 DEL MANUAL DEL SISTEMA DE INFORMACIÓN B;2024_2343 2021_2300
MODIFICA EL CAPITULO 4-1;2;;EJECUTA ACUERDO DEL CONSEJO DE LA COMISIÓN PARA EL MERCADO FINANCIERO QUE APRUEBA LA CIRCULAR QUE MODIFICA EL CAPÍTULO 4-1 DE LA RECOPILACIÓN ACTUALIZADA DE NORMAS PARA BANCOS Y LA;2020_2255 2020_2254
MODIFICA EL CAPITULO 12-1;2;;EJECUTA ACUERDO DEL CONSEJO DE LA COMISIÓN PARA EL MERCADO FINANCIERO QUE APRUEBA LA CIRCULAR QUE MODIFICA EL CAPÍTULO 12-1 DE LA RECOPILACIÓN ACTUALIZADA DE NORMAS PARA BANCOS PAR;2020_2250 2020_2248
MODIFICA LA;2;;MODIFICA LAS LETRAS A Y B DEL TITULO XVI DEL LIBRO III DEL COMPENDIO DE NORMAS DEL SISTEMA DE PENSIONES, LAS CIRCULARES N°S. 2775 Y 2868 DE LA SUPERINTENDENCIA DE SEGURIDAD SOCIAL ;2016_2213 2016_2196
MODIFICA A;2;;MODIFICA ANEXOS DE OFICIO CIRCULAR N° 530 DE 3 DE AGOSTO DE 2009 Y HACE PERMANENTE EL REQUERIMIENTO;2010_0602 2009_0530
MODIFICA N;1;;EJECUTA ACUERDO DEL CONSEJO PARA LA COMISION PARA EL MERCADO FINANCIERO QUE APRUEBA NORMA QUE MODIFICA N.C.G. N°538.;2026_0568
INSTRUCCIONES PARA LA;1;;INSTRUCCIONES PARA LA PRESTACIÓN DE LOS SERVICIOS DE LA LEY FINTEC POR PARTE DE FISCALIZADOS NO SUJETOS A LA INSCRIPCIÓN EN EL REGISTRO DE PRESTADORES DE SERVICIOS FINANCIEROS;2026_0559
ACTUALIZA LA NORMATIVA QUE;1;;EJECUTA ACUERDO DEL CONSEJO DE LA COMISIÓN PARA EL MERCADO FINANCIERO QUE APRUEBA LA CIRCULAR QUE ACTUALIZA LA NORMATIVA QUE INDICA, SOBRE PREVENCIÓN DEL LAVADO DE ACTIVOS, FINANCI;2026_2368
MODIFICA LA VIGENCIA DE;1;;EJECUTA ACUERDO DEL CONSEJO DE LA COMISIÓN PARA EL MERCADO FINANCIERO QUE APRUEBA LA CIRCULAR QUE MODIFICA LA VIGENCIA DE LA CIRCULAR N°2.364 DE 19 DE JUNIO DE 2025, E INCLUYE UNA ;2025_2366
AJUSTA EL CAPITULO 21-13;1;;EJECUTA ACUERDO DEL CONSEJO DE LA COMISIÓN PARA EL MERCADO FINANCIERO QUE APRUEBA LA CIRCULAR QUE AJUSTA EL CAPÍTULO 21-13 DE LA RECOPILACIÓN ACTUALIZADA DE NORMAS PARA BANCOS.;2025_2365
MODIFICA EL CAPITULO 12-12;1;;EJECUTA ACUERDO DEL CONSEJO DE LA COMISIÓN PARA EL MERCADO FINANCIERO QUE APRUEBA LA CIRCULAR QUE MODIFICA EL CAPÍTULO 12-12 DE LA RECOPILACIÓN ACTUALIZADA DE NORMAS PARA BANCOS SO;2025_2364
MODIFICA EL CAPITULO 8-1;1;;EJECUTA ACUERDO DEL CONSEJO DE LA COMISIÓN PARA EL MERCADO FINANCIERO QUE APRUEBA LA CIRCULAR QUE MODIFICA EL CAPÍTULO 8-1 DE LA RECOPILACIÓN ACTUALIZADA DE NORMAS PARA BANCOS;2025_2363
ESTABLECE MODIFICACIONES A;1;;EJECUTA ACUERDO DEL CONSEJO DE LA COMISIÓN PARA EL MERCADO FINANCIERO QUE APRUEBA LA CIRCULAR QUE ESTABLECE MODIFICACIONES A LOS ARCHIVOS C11, C12 Y C13, LA SECCIÓN DE ANTECEDENTES;2024_2359
MODIFICA LA FORMA DE;1;;EJECUTA ACUERDO DEL CONSEJO DE LA COMISIÓN PARA EL MERCADO FINANCIERO QUE APRUEBA CIRCULAR QUE MODIFICA LA FORMA DE ENVÍO DE LA INFORMACIÓN SOBRE EL ESTADO DE COLOCACIONES Y BONOS.;2024_2358
APRUEBA LA EMISION DE;1;;EJECUTA ACUERDO DEL CONSEJO DE LA COMISIÓN PARA EL MERCADO FINANCIERO QUE APRUEBA LA EMISIÓN DE LA NORMATIVA QUE MODIFICA LA CIRCULAR N°2022 QUE IMPARTE NORMAS SOBRE FORMA, CONTENI;2024_2353
REGULA EL SISTEMA DE;1;;EJECUTA ACUERDO DEL CONSEJO DE LA COMISIÓN PARA EL MERCADO FINANCIERO QUE APRUEBA NORMA QUE REGULA EL SISTEMA DE FINANZAS ABIERTAS;2024_0514
INTRODUCE EL NUEVO CAPITULO;1;;EJECUTA ACUERDO DEL CONSEJO DE LA COMISIÓN PARA EL MERCADO FINANCIERO QUE APRUEBA LA CIRCULAR QUE INTRODUCE EL NUEVO CAPÍTULO 18-3 DE LA RAN, EL CUAL INCORPORA LA DISTINCIÓN EN LA ;2024_2348
INTRODUCE METODO ESTANDAR;1;;EJECUTA ACUERDO DEL CONSEJO DE LA COMISIÓN PARA EL MERCADO FINANCIERO QUE APRUEBA CIRCULAR QUE INTRODUCE MÉTODO ESTÁNDAR DE PROVISIONES PARA LAS COLOCACIONES DE CONSUMO DE LAS INST;2024_2346
INCORPORA NUEVO ARCHIVO;1;;EJECUTA ACUERDO DEL CONSEJO DE LA COMISIÓN PARA EL MERCADO FINANCIERO QUE APRUEBA CIRCULAR QUE INCORPORA NUEVO ARCHIVO NORMATIVO DE CUENTAS CON PROVISION DE FONDOS Y TARJETAS ASOCI;2024_2345
AJUSTA EL CAPITULO 21-20;1;;EJECUTA ACUERDO DEL CONSEJO DE LA COMISIÓN PARA EL MERCADO FINANCIERO QUE APRUEBA LA CIRCULAR QUE AJUSTA EL CAPÍTULO 21-20 DE LA RECOPILACIÓN ACTUALIZADA DE NORMAS PARA BANCOS Y MO;2024_2344
REGULA LA;1;;REGULA LAS ACTIVIDADES COMPLEMENTARIAS QUE PUEDEN SER DESARROLLADAS POR LAS EMPRESAS OPERADORAS DE TARJETAS DE PAGO, Y MODIFICA LA CIRCULAR N°1 SOBRE EMPRESAS OPERADORAS DE TARJETA;0000_0001
ACTUALIZA LA CIRCULAR N;1;;EJECUTA ACUERDO DEL CONSEJO DE LA COMISIÓN PARA EL MERCADO FINANCIERO QUE APRUEBA CIRCULAR QUE ACTUALIZA LA CIRCULAR N°1 PARA EMPRESAS OPERADORAS DE TARJETAS DE PAGO Y MODIFICA LA ;2023_2335
ACTUALIZA NORMATIVA QUE;1;;EJECUTA ACUERDO DEL CONSEJO DE LA COMISIÓN PARA EL MERCADO FINANCIERO QUE APRUEBA CIRCULAR QUE ACTUALIZA NORMATIVA QUE INDICA, EN CONCORDANCIA CON LAS MODIFICACIONES EFECTUADAS POR;2022_2329
ACTUALIZA LA NORMATIVA SOBRE;1;;EJECUTA ACUERDO DEL CONSEJO DE LA COMISIÓN PARA EL MERCADO FINANCIERO QUE APRUEBA LA CIRCULAR QUE ACTUALIZA LA NORMATIVA SOBRE PREVENCIÓN DEL LAVADO DE ACTIVOS, FINANCIAMIENTO AL T;2022_2325
MODIFICA EL CAPITULO 2-13;1;;EJECUTA ACUERDO DEL CONSEJO DE LA COMISIÓN PARA EL MERCADO FINANCIERO QUE APRUEBA LA CIRCULAR QUE MODIFICA EL CAPÍTULO 2-13 DE LA RECOPILACIÓN ACTUALIZADA DE NORMAS PARA BANCOS Y C;2022_2324
MODIFICA EL PLAZO DE;1;;EJECUTA ACUERDO DEL CONSEJO DE LA COMISIÓN PARA EL MERCADO FINANCIERO QUE APRUEBA CIRCULAR QUE MODIFICA EL PLAZO DE LOS ARCHIVOS R01 Y R06 DEL SISTEMA DE RIESGOS DEL MANUAL DEL SIS;2022_2322
INSTRUYE A LA;1;;EJECUTA ACUERDO DEL CONSEJO DE LA COMISIÓN PARA EL MERCADO FINANCIERO QUE APRUEBA CIRCULAR QUE INSTRUYE A LAS EMPRESAS BANCARIAS Y OTRAS ENTIDADES FISCALIZADAS Y REGISTRADAS, EL US;2022_2321
INCORPORA LOS A;1;;EJECUTA ACUERDO DEL CONSEJO DE LA COMISIÓN PARA EL MERCADO FINANCIERO QUE APRUEBA CIRCULAR QUE INCORPORA LOS ARCHIVOS “RIESGO DE MERCADO DEL LIBRO DE BANCA” (R13) Y “RIESGO DE CONC;2022_2318
EJECUTA A;1;;EJECUTA ACUERDO DEL CONSEJO DE LA COMISIÓN PARA EL MERCADO FINANCIERO, QUE APRUEBA LA CIRCULAR QUE FLEXIBILIZA EL ENVÍO DE PARTE DE LA INFORMACIÓN DE LOS ARCHIVOS P38 Y P39 DEL MAN;2022_2316
MODIFICA EL CAPITULO 12-20;1;;EJECUTA ACUERDO DEL CONSEJO DE LA COMISIÓN PARA EL MERCADO FINANCIERO QUE APRUEBA CIRCULAR QUE MODIFICA EL CAPÍTULO 12-20 DE LA RECOPILACIÓN ACTUALIZADA DE NORMAS PARA BANCOS Y MAN;2022_2314
MODIFICA EL CAPITULO 21-6;1;;EJECUTA ACUERDO DEL CONSEJO DE LA COMISIÓN PARA EL MERCADO FINANCIERO QUE APRUEBA CIRCULAR QUE MODIFICA EL CAPÍTULO 21-6 DE LA RECOPILACIÓN ACTUALIZADA DE NORMAS PARA BANCOS.;2022_2311
REQUIERE INFORMACION RESPECTO;1;;EJECUTA ACUERDO DEL CONSEJO DE LA COMISIÓN PARA EL MERCADO FINANCIERO QUE APRUEBA CIRCULAR QUE REQUIERE INFORMACIÓN RESPECTO DE LOS MOVIMIENTOS Y VALORES MANTENIDOS EN LAS EMPRESAS;2022_2306
MODIFICA EL CUADRO 2;1;;EJECUTA ACUERDO DEL CONSEJO DE LA COMISIÓN PARA EL MERCADO FINANCIERO QUE APRUEBA CIRCULAR QUE MODIFICA EL CUADRO 2 DEL ANEXO N°6 DEL CAPÍTULO C-1 DEL COMPENDIO DE NORMAS CONTABLES;2022_2305
HACE A;1;;EJECUTA ACUERDO DEL CONSEJO DE LA COMISIÓN PARA EL MERCADO FINANCIERO QUE APRUEBA LA CIRCULAR QUE HACE APLICABLE A LAS COOPERATIVAS DE AHORRO Y CRÉDITO FISCALIZADAS, LAS NORMAS DE ;2022_2304
ACTUALIZA EL CAPITULO 12-7;1;;EJECUTA ACUERDO DEL CONSEJO DE LA COMISIÓN PARA EL MERCADO FINANCIERO QUE APRUEBA LA CIRCULAR QUE ACTUALIZA EL CAPÍTULO 12-7 DE LA RECOPILACIÓN ACTUALIZADA DE NORMAS Y EL ARCHIVO C;2021_2302
INTRODUCE UN NUEVO CAPITULO;1;;EJECUTA ACUERDO DEL CONSEJO DE LA COMISIÓN PARA EL MERCADO FINANCIERO QUE APRUEBA LA CIRCULAR QUE INTRODUCE UN NUEVO CAPÍTULO A LA RECOPILACIÓN ACTUALIZADA DE NORMAS Y UN NUEVO ARC;2021_2297
MODIFICA EL CAPITULO 1-13;1;;EJECUTA ACUERDO DEL CONSEJO DE LA COMISIÓN PARA EL MERCADO FINANCIERO QUE APRUEBA CIRCULAR QUE MODIFICA EL CAPÍTULO 1-13 DE LA RECOPILACIÓN ACTUALIZADA DE NORMAS PARA BANCOS, Y EXC;2021_2296
ACTUALIZA EL COMPENDIO DE;1;;EJECUTA ACUERDO DEL CONSEJO DE LA COMISIÓN PARA EL MERCADO FINANCIERO QUE APRUEBA LA CIRCULAR QUE ACTUALIZA EL COMPENDIO DE NORMAS CONTABLES PARA BANCOS QUE RIGE A CONTAR DEL AÑO 2;2021_2295
MODIFICA LOS CAPITULOS 8-37;1;;EJECUTA ACUERDO DEL CONSEJO DE LA COMISIÓN PARA EL MERCADO FINANCIERO QUE APRUEBA CIRCULAR QUE MODIFICA LOS CAPÍTULOS 8-37, 11-6, 11-7, 12-3, 12-4, 21-1, 21-6, 21-8 y 21-20 DE LA R;2021_2292
MODIFICA EL MANUAL DEL;1;;EJECUTA ACUERDO DEL CONSEJO DE LA COMISIÓN PARA EL MERCADO FINANCIERO QUE APRUEBA LA CIRCULAR QUE MODIFICA EL MANUAL DEL SISTEMA DE INFORMACIÓN PARA BANCOS, INCORPORANDO EL ARCHIVO;2021_2291
PRECISA FECHAS DE;1;;EJECUTA ACUERDO DEL CONSEJO DE LA COMISIÓN PARA EL MERCADO FINANCIERO QUE APRUEBA LA CIRCULAR QUE PRECISA FECHAS DE ENVÍO DE LOS NUEVOS ARCHIVOS DEL SISTEMA DE RIESGOS Y AJUSTA EL ;2021_2290
IMPLEMENTA LA;1;;EJECUTA ACUERDO DEL CONSEJO DE LA COMISIÓN PARA EL MERCADO FINANCIERO QUE APRUEBA LA NORMATIVA QUE IMPLEMENTA LAS INSTRUCCIONES DE LOS ARTÍCULOS 35 BIS Y 66 QUÁTER DE LA LEY GENERA;2020_2276
APRUEBA EL NUEVO CAPITULO;1;;EJECUTA ACUERDO DEL CONSEJO DE LA COMISIÓN PARA EL MERCADO FINANCIERO QUE APRUEBA EL NUEVO CAPÍTULO 21-13 DE LA RECOPILACIÓN ACTUALIZADA DE NORMAS DE BANCOS DE ESTA COMISIÓN, QUE E;2020_2270
MODIFICA EL CAPITULO 8-38;1;;EJECUTA ACUERDO DEL CONSEJO DE LA COMISIÓN PARA EL MERCADO FINANCIERO QUE APRUEBA CIRCULAR QUE MODIFICA EL CAPÍTULO 8-38 DE LA RECOPILACIÓN ACTUALIZADA DE NORMAS PARA BANCOS Y LA C;2020_2267
MODIFICA EL CAPITULO 10-1;1;;EJECUTA ACUERDO DEL CONSEJO DE LA COMISIÓN PARA EL MERCADO FINANCIERO QUE APRUEBA LA CIRCULAR QUE MODIFICA EL CAPÍTULO 10-1 DE LA RECOPILACIÓN ACTUALIZADA DE NORMAS PARA BANCOS SOB;2020_2247
APRUEBA PROPUESTA NORMATIVA;1;;EJECUTA ACUERDO DEL CONSEJO DE LA COMISIÓN PARA EL MERCADO FINANCIERO QUE APRUEBA PROPUESTA NORMATIVA QUE ACTUALIZA Y MODIFICA EL COMPENDIO DE NORMAS CONTABLES PARA BANCOS;2019_2243
INDICA A LOS ORGANOS DE;1;;EJECUTA ACUERDO DEL CONSEJO DE LA COMISIÓN PARA EL MERCADO FINANCIERO QUE APRUEBA CIRCULAR QUE INDICA A LOS ÓRGANOS DE ADMINISTRACIÓN DE LAS ENTIDADES DE INFRAESTRUCTURA SOMETIDOS ;2018_2237
GARANTIA ESTATAL POR;1;;GARANTIA ESTATAL POR PENSION MINIMA PARA PENSIONADOS ACOGIDOS A LA MODALIDAD DE RENTA VITALICIA Y BENEFICIOS SOLIDARIOS. MODIFICA LAS CIRCULARES N°1828 Y 1928, AMBAS, DE LA SUPERIN;2017_2232
MODIFICA CIRCULAR 2095;1;;MODIFICA CIRCULAR 2095 QUE ESTABLECE NORMAS PARA EL ENVIO DE INFORMACION DE SEGUROS DE INVALIDEZ Y SOBREVIVIENCIA;2013_2118
REGULA FORMA Y;1;;REGULA FORMA Y CONTENIDO DEL REGISTRO DE PARTICIPES;2011_2025
ESTABLECE REGULACIONES PARA;1;;ESTABLECE REGULACIONES PARA LA FUSION Y DIVISION DE FONDOS, O SUS SERIES;2011_2023
REGISTRO PUBLICO DE;1;;REGISTRO PUBLICO DE PRESIDENTES, DIRECTORES, GERENTES, EJECUTIVOS PRINCIPALES, ADMINISTRADORES Y LIQUIDADORES Y SU ACTUALIZACION CONTINUA. MODIFICA OFICIO CIRCULAR N° 3572 DE 09.06;2011_2007
COMPLEMENTA CIRCULAR N;1;;COMPLEMENTA CIRCULAR N° 1.924 DE 24 DE ABRIL DE 2009 QUE IMPARTE NORMAS SOBRE PRESENTACION DE INFORMACION FINANCIERA PREPARADA BAJO IFRS DE LAS SOCIEDADES INSCRITAS EN EL REGISTRO ;2009_1931
COMPLEMENTA OFICIO CIRCULAR;1;;COMPLEMENTA OFICIO CIRCULAR N° 161 E IMPARTE INSTRUCCIONES RELATIVAS A OFICIOS CIRCULARES N° 155, 159 Y 160, TODOS DE MARZO DE 2003;2003_0163
MODIFICA Y ADJUNTA;1;;MODIFICA Y ADJUNTA ANEXO DE CIRCULAR N° 1.487 DE 17.07.2000 QUE IMPARTE INSTRUCCIONES SOBRE TRAMITACION DE CONSULTAS Y RECLAMOS RELATIVAS A SEGUROS;2002_1637
ESTABLECE REQUISITOS DE;1;;ESTABLECE REQUISITOS DE INFORMACION QUE INDICA Y MODIFICA OFICIO CIRCULAR Nº 04456 DE 2000;2002_0098
AUTORIZA A;1;;AUTORIZA ACTIVIDADES COMPLEMENTARIAS DE INSTITUCIONES QUE SEÑALA;2001_1575
CIRCULAR CONJUNTA SSS;1;;CIRCULAR CONJUNTA SSS NRO 1669, SAFP NRO 1037 Y SVS NRO 1404. INCORPORACION DE PENSIONADOS A LAS CAJAS DE COMPENSACION DE ASIGNACION FAMILIAR (C.C.A.F.). IMPARTE INSTRUCCIONES SOBR;1998_1404
REFUNDE Y MODIFICA;1;;REFUNDE Y MODIFICA NORMAS SOBRE INFORMACION A INCLUIR EN POLIZAS RESPECTO A COBERTURAS, PRIMAS Y COMISIONES E IMPARTE INSTRUCCIONES SOBRE INFORMACION A PROPORCIONAR EN SEGUROS CONT;1998_1389
COMPLEMENTA O;1;;COMPLEMENTA O.C. 3251 QUE IMPARTE INSTRUCCIONES SOBRE AGENTES COLOCADORES DE CUOTAS DE FONDOS MUTUOS (AFM);1982_0183
