clave;vigencia;sin_fecha;archivos;nota;revisado;norma;fecha_documento;archivos_detectados;fechas_candidatas;pdf
2026_2374;2026-08-17;;;;;Circular N°2.374;2026-08-17;E30;;https://www.cmfchile.cl/normativa/cir_2374_2026.pdf
2026_0569;2026-06-01;;;;;NCG N°569;2026-06-01;I12;1961-10-05 …en el caso de otorgarse en países miembros del Convenio de la Apostilla de la Haya de 5 de octubre de 1961. En el caso de… | 2025-02-19 …FAPI 2.013 que se complementa con el Modelo de atacante14 (especificación final [19/02/2025]), ambos establecido por la Open…;https://www.cmfchile.cl/normativa/ncg_569_2026.pdf
2025_1387;2025-10-02;;;;;Oficio Circular N°1.387;2025-10-02;RDC02 RDC01 RDC40 RDC20 RDC30 RDC10 E04;;https://www.cmfchile.cl/normativa/ofc_1387_2025.pdf
2025_1376;2025-08-01;;;;;Oficio Circular N°1.376;2025-07-29;C70;2025-09-01 …referida al cierre del mes de agosto del presente año y, por lo tanto, enviarse en septiembre de 2025. Sin embargo, en el caso… | 2025-08-01 …de 2025. Sin embargo, en el caso de existir operaciones en los meses de junio, julio y agosto de 2025 asociadas al programa “Apoyo a…;https://www.cmfchile.cl/normativa/ofc_1376_2025.pdf
2025_1375;2025-08-01;;;;;Oficio Circular N°1.375;2025-07-11;C70 D62 E26;2025-09-01 …referida al cierre del mes de agosto del presente año y, por lo tanto, enviarse en septiembre de 2025. Por otro lado, los… | 2025-08-01 …año 2025. Sin embargo, en el caso de existir operaciones en los meses de junio, julio y agosto de 2025 asociadas a los nuevos… | 2022-12-31 …a la actividad económica del deudor registrado ante el Servicio de Impuestos Internos al 31 de diciembre de 2022 consignada en…;https://www.cmfchile.cl/normativa/ofc_1375_2025.pdf
2025_2364;2025-06-26;;;"No declara vigencia; rige desde su publicacion";2026-07-29;Circular N°2.364;2025-06-26;I03;;https://www.cmfchile.cl/normativa/cir_2364_2025.pdf
2024_1340;2024-10-02;;;;;Oficio Circular N°1.340;2024-10-02;P72;;https://www.cmfchile.cl/normativa/ofc_1340_2024.pdf
2024_1332;2024-08-01;;;;;Oficio Circular N°1.332;2024-07-24;C70 D62 E26;2024-09-06 …referida al cierre del mes de agosto del presente año, hasta la fecha límite de 06 de septiembre de 2024. Por otro lado, los… | 2024-09-10 …con las nuevas instrucciones se requerirían ajustar, deberán rectificarse antes del 10 de septiembre de 2024. Como consecuencia… | 2022-12-31 …a la actividad económica del deudor registrado ante el Servicio de Impuestos Internos al 31 de diciembre de 2022 consignada en…;https://www.cmfchile.cl/normativa/ofc_1332_2024.pdf
2024_2347;2025-03-01;;;;;Circular N°2.347;2024-04-24;C44 C49 C50 D43 D10 D27;2025-03-01 …por primera vez la información con referencia al primer trimestre del año 2025 o a marzo de 2025, según corresponda. 7. En la… | 2020-01-01 …hábiles durante el segundo semestre de 2019, pasando a ser de 10 días hábiles a partir de enero de 2020. Código NOMBRE Periodicidad… | 2019-04-04 …Capítulo, respectivamente. (2) El Archivo C49 se enviará por primera vez a partir del 4 de abril de 2019. (3) La nueva versión del… | 2023-07-01 …(4) Los archivos correspondientes a las operaciones efectuadas entre los meses de marzo y julio de 2023 deberán ser emitidos dentro de…;https://www.cmfchile.cl/normativa/cir_2347_2024.pdf
2024_2343;2024-07-01;;;;;Circular N°2.343;2024-02-09;R11;2024-06-01 …archivos correspondientes a los meses del primer semestre del presente año (enero a junio de 2024) serán remitidos de manera… | 2024-07-01 …el noveno día hábil del mes de julio del mismo año. Luego, la información referida al mes de julio de 2024 se remitirá en régimen,…;https://www.cmfchile.cl/normativa/cir_2343_2024.pdf
2023_2336;2024-01-01;;;;;Circular N°2.336;2023-06-20;R13 C40;2023-04-01 …de Normas para Bancos (RAN), dado que sus disposiciones quedaron sin efecto a partir de abril de 2023, de acuerdo con lo establecido… | 2023-12-01 …asociados a los riesgos de tasa de interés y reajustabilidad del libro de banca” hasta diciembre de 2023, quedando sin efecto el…;https://www.cmfchile.cl/normativa/cir_2336_2023.pdf
2023_2335;2023-06-05;;;;;Circular N°2.335;2023-06-05;C81;;https://www.cmfchile.cl/normativa/cir_2335_2023.pdf
2023_2333;2023-09-01;;;;;Circular N°2.333;2023-05-13;D10 D27 R04 R05;2023-09-01 …el tipo de operación de que se trate, en el primer reporte que corresponda remitir el mes de septiembre de 2023.” Tal como lo…;https://www.cmfchile.cl/normativa/cir_2333_2023.pdf
2022_2326;2022-12-31;;;;;Circular N°2.326;2022-11-18;D10;2022-12-31 …comunicadas”. El nuevo criterio deberá ser considerado para la información referida al 31 de diciembre de 2022. En ese mismo… | 2023-05-01 …comience a ser incorporada en la nómina refundida de deudores a partir del 1° de mayo de 2023. Como resultado de los…;https://www.cmfchile.cl/normativa/cir_2326_2022.pdf
2022_2322;2022-10-01;;;;;Circular N°2.322;2022-10-06;R01 R06;;https://www.cmfchile.cl/normativa/cir_2322_2022.pdf
2022_2316;2022-08-01;;;;;Circular N°2.316;2022-07-18;P38 P39;;https://www.cmfchile.cl/normativa/cir_2316_2022.pdf
2022_2314;2022-06-06;;;;;Circular N°2.314;2022-06-06;C46 C48;2022-06-01 …acelera el phase-in del LCR, aumentando el nivel mínimo exigido a 100% a partir del 1 de junio de 2022. b) Se modifica el tratamiento… | 2023-01-01 …Capítulo 12-20 de la RAN informar la base ajustada de los descalces de plazo a contar del 1 de enero de 2023. d) Se implementa… | 2026-01-01 …una exigencia de 60% a partir del 1 de junio de 2022, para alcanzar un nivel de 100% en enero de 2026, entre otros ajustes. e) Se… | 2023-04-01 …resultado del proceso supervisor, el cual entra en vigencia en su versión simplificada en abril de 2023. 2. Ajustes a Tablas 87 y 88…;https://www.cmfchile.cl/normativa/cir_2314_2022.pdf
2021_2302;2022-01-01;;;;;Circular N°2.302;2021-12-23;C18;;https://www.cmfchile.cl/normativa/cir_2302_2021.pdf
2021_2300;2022-01-01;;;;;Circular N°2.300;2021-11-25;R11;2022-01-13 …el año 2021. El plazo estipulado para rectificar la información señalada es hasta el día 13 de enero de 2022, referida a los meses de… | 2021-03-01 …envío de la información rectificada correspondiente a los meses de enero, febrero y marzo de 2021 deberá ser efectuado mediante…;https://www.cmfchile.cl/normativa/cir_2300_2021.pdf
2021_2297;2022-01-01;;;;;Circular N°2.297;2021-11-02;D60;2022-01-01 …capítulo. Este nuevo archivo deberá ser enviado a partir de la información referida al mes de enero de 2022 en adelante… | 2022-04-01 …información, excepcionalmente el envío de los archivos referidos a los meses de enero a abril de 2022 será realizado en el mes de…;https://www.cmfchile.cl/normativa/cir_2297_2021.pdf
2021_2294;2021-12-15;;;;;Circular N°2.294;2021-09-02;D10 R04 R05;2022-06-30 …cierre del viernes 3 de diciembre). Este periodo de marcha blanca se extenderá hasta el 30 de junio de 2022. A partir de la… | 2022-07-01 …se extenderá hasta el 30 de junio de 2022. A partir de la información referida al viernes 1 de julio de 2022 el archivo D10 deberá ser…;https://www.cmfchile.cl/normativa/cir_2294_2021.pdf
2021_2293;2021-09-02;;;;;Circular N°2.293;2021-09-02;D10 D27 R04 R05;2022-03-31 …previos a la presente modificación. Este periodo de marcha blanca se extenderá hasta el 31 de marzo de 2022. Como consecuencia de las…;https://www.cmfchile.cl/normativa/cir_2293_2021.pdf
2021_1222;2021-09-02;;;;;Oficio Circular N°1.222;2021-09-02;D10 D27 R04 R05;2022-04-01 …para bancos, en atención al carácter sensible de la misma, considerando que a partir del mes de abril de 2022 esta deberá ser…;https://www.cmfchile.cl/normativa/ofc_1222_2021.pdf
2021_2292;2021-08-19;;;;;Circular N°2.292;2021-08-19;R08;2020-12-01 …reunir las emisiones de bonos subordinados, podrán seguir siendo computados desde el 1 de diciembre de 2020. Sin embargo, la razón… | 2022-12-01 …de 2020. Sin embargo, la razón de reconocimiento decrecerá en un 10% anual a partir del 1 de diciembre de 2022, hasta su exclusión…;https://www.cmfchile.cl/normativa/cir_2292_2021.pdf
2021_2291;2021-07-08;;;;;Circular N°2.291;2021-07-08;C52 C50 D59 C51 E22;2021-04-01 …remitirá la información mensual, referidas a operaciones correspondientes al cierre del mes de abril de 2021 en adelante, para… | 2020-11-06 …web de esta Comisión, que fuera comunicado mediante Carta a Gerencia N°92025906, de fecha 6 de noviembre de 2020. Las instrucciones… | 2021-04-23 …al amparo de los criterios establecidos en la Carta a Gerencia N°92105115 entre el 23 de abril del 2021 y el 31 de julio del…;https://www.cmfchile.cl/normativa/cir_2291_2021.pdf
2021_2288;2021-04-27;;;;;Circular N°2.288;2021-04-27;R01 R02 R06 R07 R08 R11 R13 R14;2021-06-01 …días hábiles de julio de 2021 el banco deberá enviar la información correspondiente al mes de junio de 2021, para los archivos… | 2021-10-01 …histórica mensual que debe remitirse en el archivo R08, se extenderá el plazo hasta el 1 de octubre de 2021. El primer reporte del… | 2021-09-01 …1 de octubre de 2021. El primer reporte del archivo R01, por su parte, debe realizarse en septiembre de 2021, mientras que el… | 2021-12-01 …en septiembre de 2021, mientras que el primer reporte del archivo R02 se estableció para diciembre de 2021. En vista de que los…;https://www.cmfchile.cl/normativa/cir_2288_2021.pdf
2021_2285;2021-01-26;;;;;Circular N°2.285;2021-01-26;R11;2021-04-01 …en los meses sucesivos, hasta que se cuente con una nueva actualización. Por su parte, el primero de abril de 2021 se deberán remitir… | 2021-02-01 …de abril de 2021 se deberán remitir los archivos correspondientes a los meses de enero y febrero del 2021, y en los siguientes 9 días…;https://www.cmfchile.cl/normativa/cir_2285_2021.pdf
2020_2284;2020-12-31;;;;;Circular N°2.284;2020-12-31;R11;2021-02-01 …pero su texto definitivo corresponde al que acompaña a la presente circular. El día 1 de febrero de 2021 el banco deberá enviar… | 2021-01-01 …remitir la información mensualmente a la CMF, partiendo por la información referida a enero de 2021. Mientras no se habilite el…;https://www.cmfchile.cl/normativa/cir_2284_2020.pdf
2020_2266;2020-08-25;;;;;Circular N°2.266;2020-08-25;R04 R05 D10 D27;;https://www.cmfchile.cl/normativa/cir_2266_2020.pdf
2020_2255;2020-05-08;;;;;Circular N°2.255;2020-05-08;C59;2020-09-08 …el período de encaje que se inicia el 9 de marzo de 2020 y hasta el que concluye el día 8 de septiembre de 2020, el encaje en moneda…;https://www.cmfchile.cl/normativa/cir_2255_2020.pdf
2020_2254;2020-05-08;;;;;Circular N°2.254;2020-05-08;C30;2020-03-09 …8 de abril de 2020 de ese Instituto Emisor, desde el período de encaje que se inicia el 9 de marzo de 2020 y hasta el que concluye el… | 2020-09-08 …el período de encaje que se inicia el 9 de marzo de 2020 y hasta el que concluye el día 8 de septiembre de 2020, el encaje en moneda…;https://www.cmfchile.cl/normativa/cir_2254_2020.pdf
2021_2295;2022-01-01;;;;;Circular N°2.295;2021-10-07;C17 R11 P40;;https://www.cmfchile.cl/normativa/cir_2295_2021.pdf
